prof_id,course_id_1
19,2
73,5
7,8
7,7
7,6
98,9
7,9
93,9
91,9
100,9
84,9
99,9
101,9
77,1
62,12
16,15
16,16
108,2
77,51
7,73
94,83
94,86
94,108
93,74
93,75
93,76
93,78
93,77
85,5
79,5
23,91
23,68
23,67
23,63
23,6
23,59
94,117
24,126
49,131
1415,136
94,143
45,144
49,145
23,157
23,155
23,158
23,168
23,164
23,162
23,163
23,171
23,45
23,55
23,57
23,44
23,48
23,169
23,46
23,54
24,205
24,206
24,207
24,208
24,209
45,211
45,212
45,213
1876,213
94,216
77,198
108,221
27,223
27,224
1876,227
15,228
2125,213
2125,212
45,23
2125,23
27,85
38,231
16,233
2255,15
2255,234
11,238
1552,226
1552,227
1570,239
1570,24
11,241
1570,241
65,247
103,248
80,249
90,251
90,252
90,253
1876,265
1876,267
1876,268
28,274
1876,275
1876,276
1876,277
1876,278
1876,279
1876,28
1876,281
1876,282
1876,284
1876,286
1876,287
58,289
58,288
58,29
1876,291
2749,269
2749,27
2749,271
2579,198
2579,197
2765,251
2765,252
2765,253
2564,26
2564,259
2564,261
2774,293
2810,264
50,295
1632,94
104,298
3003,199
89,311
88,312
88,313
31,314
25,311
17,311
29,311
1552,328
45,337
40,337
1415,339
1397,341
1397,342
3461,382
3461,384
3461,386
23,385
3495,243
3495,244
89,395
17,395
25,395
29,395
21,394
3461,397
1557,398
1557,4
67,41
86,41
3670,311
67,411
67,416
3706,398
1397,417
1397,418
100,42
93,42
3344,422
23,428
3298,255
3298,256
3298,258
34,437
3521,439
1557,441
72,445
100,447
98,447
31,45
1792,447
2341,447
2053,447
918,447
1886,447
93,447
93,388
7,452
3908,439
91,455
16,458
3582,458
16,459
21,459
1034,459
4024,459
2255,459
3582,459
4024,16
16,462
3582,462
103,464
16,465
16,466
4024,466
16,467
16,468
95,468
1557,468
1415,469
16,471
16,472
16,473
16,229
16,476
4024,476
16,479
80,483
100,484
91,484
49,486
49,505
23,593
55,94
1816,94
55,87
1723,87
1816,87
94,612
23,611
23,598
23,599
23,69
23,618
23,61
23,609
23,607
23,604
3006,624
109,628
985,628
16,632
109,635
109,636
33,636
985,636
34,637
16,639
4133,641
16,642
16,644
16,646
16,647
1557,656
4148,659
3003,664
3003,666
4145,668
3997,668
4132,559
4132,56
4132,561
4132,504
4132,551
68,517
68,523
68,55
68,554
2774,516
1433,544
1433,555
1433,487
1433,528
1433,579
2346,515
2346,521
2346,582
2346,577
2346,578
2278,511
2278,52
2278,538
70,557
70,552
70,501
70,507
4128,49
4128,502
4128,508
4128,531
4131,489
4131,529
4131,563
4131,488
63,535
63,54
63,572
63,589
63,583
1557,118
3003,679
93,688
93,703
93,705
93,706
93,707
4131,72
100,707
100,688
100,703
100,706
70,641
4128,641
4132,641
16,713
4145,673
4146,673
31,716
23,717
24,72
4145,728
34,48
34,683
34,69
65,734
65,735
65,736
77,737
15,738
3569,238
3569,74
3003,748
3003,75
3003,751
3003,752
3003,753
3003,754
3003,755
105,756
3997,673
3915,284
72,284
3915,287
72,287
3915,282
72,282
3915,285
72,285
3915,286
72,286
31,768
108,769
1557,772
4146,668
105,773
1557,777
105,78
38,783
38,784
38,785
38,786
38,787
38,788
1397,792
4145,793
3997,793
4146,793
2125,211
1834,216
1552,144
4146,728
77,796
27,141
27,801
105,803
1397,807
3006,817
3006,818
4229,819
4229,821
4229,822
1876,823
4229,823
100,705
95,16
95,15
95,462
108,826
25,829
45,267
45,265
4794,499
24,835
1834,219
1834,218
40,218
58,218
3580,218
1835,218
104,847
41,851
3461,852
3006,853
33,672
4145,672
34,684
16,854
34,695
34,692
34,685
34,693
2255,854
1557,854
87,857
78,81
78,815
78,791
3148,849
41,858
100,859
87,861
74,864
41,866
100,867
3461,868
57,866
3997,672
25,876
103,228
89,879
1557,88
5240,882
5240,883
5413,886
50,888
5240,889
100,891
45,258
93,867
93,859
93,891
67,893
907,9
100,907
4133,908
23,909
4133,91
4108,901
16,911
93,455
93,907
1876,913
45,913
4133,914
4133,915
1876,918
3298,918
4108,919
5279,919
4133,919
5410,92
3298,257
3521,925
93,926
4145,928
4146,928
3913,447
109,929
4133,719
100,926
45,935
5240,937
5560,938
907,94
80,943
80,944
5719,51
1835,945
2810,946
1557,113
23,152
23,948
3857,939
23,951
23,953
23,96
5279,93
84,963
1876,964
1552,964
47,964
3858,967
16,47
16,974
4024,974
21,47
95,47
42,975
42,976
42,977
25,979
16,981
87,982
16,983
5768,982
23,984
16,986
4246,8
5768,989
100,991
93,991
2328,783
2328,786
2328,785
2328,784
73,919
3857,101
3857,1011
5806,356
5807,919
3857,352
2346,355
1632,359
1570,357
3569,358
105,1015
109,1016
109,1017
109,1018
5240,1019
1557,1021
1557,1022
1557,1025
1557,1026
3003,1033
105,1034
1876,144
4003,211
1876,835
45,291
1876,257
45,256
1876,256
1876,255
1876,253
45,253
45,276
45,268
1876,252
45,252
1876,269
45,269
1876,288
45,288
45,823
1876,211
45,208
1876,208
1876,14
1876,328
45,328
1876,337
45,284
45,278
45,27
1876,266
1876,261
45,261
45,226
1876,226
1876,209
45,209
1876,206
45,206
1876,445
45,445
45,287
45,282
45,277
1876,274
1876,207
45,207
45,275
1876,251
45,251
45,227
1876,212
1876,126
45,126
1876,29
45,29
45,286
45,285
45,281
45,28
45,279
1876,26
45,26
1876,259
45,259
1876,258
1876,205
45,205
45,964
1876,738
45,738
45,72
1876,72
1876,254
45,254
1876,23
1876,85
11,1051
53,1057
53,106
53,1061
33,1071
3997,1071
4145,1071
33,1077
4145,1077
4133,1028
33,1092
5852,1093
5852,1094
5852,1098
5852,1099
2739,276
2739,275
2739,277
65,1106
1876,1108
90,1108
2765,1108
5891,1092
3298,254
3569,1051
4169,1113
4169,1114
4169,1092
4169,1116
83,1117
33,1116
5891,1114
33,1114
83,1118
5891,1116
2221,112
5891,1113
33,1113
5890,265
5890,266
104,1132
104,1134
50,1135
988,47
1876,114
6149,114
78,1141
45,114
1876,1142
6149,1142
45,1142
3298,1142
1876,1144
6149,1144
45,1144
5972,945
5972,225
3582,981
3934,1146
2749,1147
3934,1148
78,1143
4793,1149
4169,1151
78,1151
2774,1153
83,1154
3970,1157
3555,1157
4393,1157
3425,1157
2255,983
5890,835
25,1159
34,1161
41,1162
41,1163
84,1166
6299,214
6299,247
6299,225
4068,864
100,117
93,117
33,1172
2823,1172
914,1172
5331,1172
33,1173
2823,1173
914,1173
5331,1173
33,1174
1841,1174
5331,1174
914,1174
33,1175
1841,1175
5331,1175
914,1175
33,1176
495,1176
5331,1176
914,1176
33,1178
2882,1178
5331,1178
914,1178
33,118
2199,118
914,118
5331,118
6367,1182
45,1185
27,1185
6367,1187
108,1184
33,1188
33,1189
1712,1189
914,1189
5331,1189
1712,1188
914,1188
5331,1188
6332,1192
3908,1192
6332,1193
6332,1194
6332,1195
6332,1196
6332,1197
6332,1198
3908,1196
3908,1195
3908,1194
3908,1193
3908,1197
3908,1198
2810,262
5806,352
5806,363
5806,364
5806,354
5806,361
1557,951
16,1207
1876,1208
3298,1208
5806,359
3461,1211
3461,1212
3461,1213
4132,1222
6333,1222
4010,1223
6243,1223
109,1224
985,1224
23,1225
6500,1229
6494,541
1816,562
55,562
1816,558
55,58
1816,58
83,123
4010,1235
6243,1235
3934,1236
6459,1237
1557,1238
5756,1239
80,124
6367,1242
4145,1243
6509,1244
5756,1245
6512,1247
4145,125
914,125
4146,125
914,1243
4146,1243
4145,1251
914,1251
4146,1251
4145,1252
5331,1252
4146,1252
4145,1253
5331,1253
4146,1253
4145,1254
5331,1254
4146,1254
4145,1255
3997,1255
4146,1255
4145,1256
4146,1256
4145,1257
4146,1257
4145,1259
4146,1259
6367,1273
6367,1274
6367,1275
16,1277
2255,1277
4024,1277
21,1277
1034,1277
3582,1277
988,1277
988,459
16,1278
988,1278
16,128
4145,1281
4146,1281
21,128
93,1282
100,1282
93,1287
100,1287
67,1294
86,1294
2894,1294
16,98
16,394
1557,1297
16,1298
16,1299
4108,1231
3003,1301
3003,1302
16,1305
21,479
1557,1306
1557,1307
3659,1307
1557,1309
4131,1309
1557,131
4394,131
3706,777
1557,1311
4394,1238
4394,118
1557,1312
1557,1313
1557,1314
23,1315
104,1316
104,1317
1557,1318
3857,132
3857,1323
3003,1325
3003,1327
3003,1328
44,13
23,1337
23,1338
23,1339
5683,1346
5683,1347
93,1289
100,1289
93,1288
100,1288
1031,59
5683,1355
5683,1356
1723,1352
55,1352
1816,1352
23,1357
6623,136
5683,1361
3369,1356
3369,1355
3369,1347
63,1362
55,1362
1816,1362
5736,928
4145,1363
4145,1364
4146,1363
3997,1364
4146,1364
3003,1366
108,1367
6459,1369
6654,137
89,1373
25,1373
5663,1346
77,1375
5852,1377
33,138
5891,138
33,1381
5891,1381
33,1382
5891,1382
33,1383
5891,1383
33,1384
5891,1384
33,1385
5891,1385
33,1393
1808,1393
33,1394
1808,1394
33,1395
1808,1395
5683,1401
5683,1402
3369,1401
50,1407
50,1408
49,1408
5852,1412
1632,1414
1355,1414
55,1414
1816,1414
5797,352
74,1416
74,1417
74,1418
5641,686
34,686
1632,1422
55,1422
1816,1422
89,1425
51,1425
2125,291
33,1436
5331,1436
33,1437
5331,1437
33,1438
5331,1438
3344,1439
2773,1418
2773,1417
3495,1444
2773,1416
1415,1445
5684,386
5240,386
33,1448
914,1448
33,1449
914,1449
5768,861
4132,111
4132,1451
6333,1451
44,1326
4145,146
4146,146
6591,1462
44,1472
44,1473
44,133
85,1474
3003,1479
50,148
4793,1481
4169,1482
7540,1425
7551,1484
4247,499
4803,1495
4803,1496
7606,1482
7606,1483
74,1499
3495,1499
4208,15
5972,1462
33,1503
4145,1503
3997,1503
4208,1491
4208,149
5641,1392
85,139
7696,1391
5530,1511
2802,1511
3934,1513
5756,1513
33,1514
4505,1514
33,1515
4505,1515
33,1516
2882,1516
33,1517
2882,1517
33,1518
4523,1518
33,1519
4523,1519
33,152
2823,152
33,1521
2823,1521
33,1522
5163,1522
33,1523
5163,1523
4169,1525
914,1523
5331,1523
914,1522
5331,1522
914,1521
5331,1521
914,152
5331,152
914,1519
5331,1519
914,1518
5331,1518
914,1517
5331,1517
914,1516
5331,1516
914,1515
5331,1515
914,1514
5331,1514
4169,1526
33,1527
16,153
16,1532
4024,1532
907,1034
6697,1533
105,1535
33,1538
4803,1539
47,267
7840,1527
33,1542
7840,1542
33,1543
7840,1543
47,213
6494,1458
84,1547
50,1551
50,1553
70,1552
4133,1552
6333,1552
100,1556
93,1556
6333,1557
4132,1557
5890,1208
50,1559
4793,1562
1557,401
93,1563
100,1563
6623,83
33,1566
5891,1566
3908,1565
7843,919
55,1558
1816,1558
109,158
6487,1582
4145,1585
4145,1586
4146,1586
5331,1586
4146,1585
5331,1585
4145,1587
4146,1587
5331,1587
4145,1588
4146,1588
3997,1588
4145,1589
4146,1589
914,1589
4145,159
4146,159
914,159
4145,1591
4146,1591
914,1591
4145,1592
4146,1592
4145,1593
4146,1593
4145,1594
4146,1594
4145,1595
4146,1595
3844,1596
6367,16
6367,1601
7229,618
23,1604
7229,1604
1312,69
7892,1595
33,1605
1808,1605
6516,1606
6487,1607
7624,1611
7624,1612
7624,1614
7624,1616
7624,1618
7624,1619
7624,162
7624,1621
1557,1622
4145,1626
110,1294
4146,1626
23,1629
23,174
23,163
23,1631
23,1632
67,1632
1557,1635
1557,1636
1557,1637
1557,1638
1557,1639
1557,182
4145,1642
67,1631
2579,1631
86,1631
33,1643
5891,1643
4169,1643
5891,1644
33,1645
5891,1645
4169,1645
53,1646
4205,1647
67,1647
33,1648
4145,1648
5331,1648
33,1649
4145,1649
5331,1649
33,165
4145,165
5331,165
33,1651
914,1651
4145,1651
33,1652
33,1653
7840,1653
33,1654
7840,1654
33,1655
7840,1655
2739,1508
33,1656
3997,1656
4145,1656
33,1657
33,1658
1808,1658
33,1659
1808,1659
33,166
1808,166
5683,1661
5683,1663
6968,1619
5852,1664
1570,162
5683,1666
3857,1621
1632,1614
7888,1612
7861,1611
33,1644
16,234
5663,1661
5663,1663
7229,1294
4169,1644
33,1668
109,1669
33,1669
21,986
100,1671
100,1672
100,1673
93,1673
93,1672
93,1671
3857,1674
55,5
1816,5
56,1679
949,1294
70,545
4145,1682
4145,1683
4146,1683
4145,1684
4146,1684
4145,1685
5768,82
7885,169
7885,1691
70,1688
5768,857
6487,1694
4146,1685
63,1703
55,1703
1816,1703
108,1704
108,1705
1876,1707
7567,1707
108,1708
6367,171
79,1711
2328,231
8097,1149
8097,1481
21,642
61,1427
61,778
61,774
61,776
61,1718
61,1428
61,1716
61,1717
23,172
33,1721
4771,1721
7840,1721
5552,1722
33,1723
4256,1723
7840,1723
4169,1729
7606,1729
7538,1729
6373,1606
8124,1732
4803,1732
6373,1734
6373,1735
6373,1736
6373,1737
6529,206
34,1738
3164,273
3164,274
33,1739
7840,1739
4293,1739
33,174
7840,174
4728,174
33,1741
7840,1741
4706,1741
33,1742
7840,1742
4446,1742
3569,1743
33,1744
47,268
3006,1678
80,1678
74,1748
5683,1749
5663,1749
56,175
16,1753
50,1754
33,1756
5891,1756
4169,1756
34,1757
44,1758
74,176
33,1761
33,1762
33,1763
8325,1764
6516,1767
6373,1767
6367,1768
4229,1769
5806,162
5806,1619
5806,1618
5806,1616
5806,1614
5806,1612
5806,1611
74,1773
74,1774
25,1775
3148,1525
34,1776
34,1777
74,178
3006,1781
100,1783
3368,1783
8249,1774
8249,1773
8249,1772
7907,1777
7907,1776
7907,1757
33,1785
6087,1785
33,1786
33,1787
5163,1787
33,1788
5163,1788
85,1789
33,179
5762,179
6087,1786
33,1791
5762,1791
33,1792
5940,1792
33,1793
5940,1793
33,1794
1712,1794
33,1795
1712,1795
33,1796
33,1797
6022,1797
6022,1796
33,1799
4523,1799
33,18
4523,18
33,1801
4505,1801
33,1802
4505,1802
3461,1803
3997,159
8376,1612
5331,1651
5331,1802
5331,1801
5331,18
5331,1799
5331,1797
5331,1796
5331,1795
5331,1794
5331,1793
5331,1792
5331,1791
5331,179
5331,1788
5331,1787
5331,1786
5331,1785
33,1805
5948,1805
5331,1805
33,1806
5948,1806
5331,1806
4146,1808
6606,17
4145,1808
6373,1809
7907,1789
7907,1474
7907,1389
7907,1435
7907,1434
7907,1494
7907,1493
7907,1492
7907,1491
7907,149
7907,1392
7907,1391
7907,139
7668,1813
56,1814
6697,1406
4133,933
4133,1798
4557,1294
8096,1294
70,1798
1355,1817
7668,1818
4133,1816
5663,1783
100,1833
4133,1564
6697,1814
6623,1814
16,1834
6531,905
7873,1146
34,1835
4208,1835
33,1018
8442,1814
7540,1836
7540,1837
93,1783
7540,1838
1816,1839
914,1652
87,184
34,1841
7907,1841
7033,1708
2464,859
2406,859
1415,184
3006,1843
3006,1705
5410,184
100,1846
93,1846
1713,859
4803,1847
100,185
3908,185
1552,1783
6149,1783
6606,1852
1816,1853
55,1853
6606,1854
8504,253
8504,252
8504,251
8505,455
8505,1846
8505,185
4146,1855
4145,1855
7892,1855
8504,757
7668,1856
7668,1854
8504,1108
4145,1857
3934,186
4145,1861
4146,1861
21,167
16,167
6367,1863
914,1857
4146,1857
6333,641
6333,1865
5853,1866
6368,1631
50,1867
7229,953
7104,1631
7968,1814
8505,1671
8505,1288
34,1869
4557,1631
100,1879
8505,1879
8505,1876
93,1879
93,1876
4133,188
4145,1881
914,1881
4146,1881
4145,1882
914,1882
4146,1882
4145,1883
5331,1883
4146,1883
4145,1884
5331,1884
4146,1884
4145,1888
7892,1888
4146,1888
4145,1889
7892,1889
4146,1889
4145,189
7892,189
4146,189
4145,1891
7892,1891
4146,1891
4145,1892
7892,1892
4146,1892
4145,1893
4146,1893
4145,1894
4146,1894
4145,1895
7964,1895
4146,1895
4145,1896
4146,1896
7540,1897
7540,1898
23,1899
7104,1899
33,19
5891,19
4169,19
33,1901
5891,1901
4169,1901
33,1902
5891,1902
4169,1902
33,1903
5891,1903
4169,1903
33,1904
3148,1904
4169,1904
33,1905
4169,1905
33,1906
33,1907
93,1908
8505,1908
100,1908
93,1909
100,1909
8505,1909
93,191
100,191
8505,191
5602,88
4133,1913
16,1914
8552,1631
4024,1299
33,1916
914,1916
4145,1916
33,1917
914,1917
4145,1917
33,1918
5331,1918
4145,1918
33,1919
5331,1919
4145,1919
33,192
33,1921
1808,1921
1557,1921
33,1922
33,1924
7840,1924
33,1925
7840,1925
33,1926
7840,1926
33,1927
7840,1927
33,1928
7840,1928
33,1929
7840,1929
33,193
33,1931
3997,1931
4145,1931
33,1932
3997,1932
4145,1932
2328,177
4237,1798
4237,1138
6333,1138
88,1936
88,1937
78,1938
78,1939
78,194
78,1941
4169,1942
7538,1942
78,1942
41,1945
7538,1945
41,1946
4208,1948
4010,1948
6243,1948
109,629
23,1949
23,195
23,1951
3503,1951
7229,1951
23,1952
100,1433
23,1953
53,1062
67,1895
4169,1955
78,1955
7538,1955
1355,1957
1355,1958
3857,1959
8627,1961
8627,1962
6367,1971
108,1972
4133,1973
4557,1632
108,1974
8325,1765
8325,1975
94,1976
33,1977
5331,1977
4145,1977
1034,646
4010,1978
6299,735
16,1982
21,1982
7885,2001
7885,2002
6333,1248
97,2004
16,2005
4145,2008
4146,2008
34,1711
4169,2011
2221,2011
6494,2012
7886,2012
6299,2015
6591,2015
5972,2015
38,2016
3908,2016
38,2017
3908,2017
38,2018
3908,2018
38,2019
3908,2019
38,202
3908,202
38,2021
3908,2021
27,14
38,2023
3908,2023
5972,214
5972,247
3997,189
93,795
6373,2025
87,878
6945,2026
6945,2027
6945,2028
6945,2029
6945,203
11,2031
87,2032
3569,2031
11,2033
3569,2033
6373,2034
6373,2035
6373,2036
6373,2037
6591,2038
6591,2039
89,204
82,204
6299,2041
5972,2041
3148,1526
3148,2042
34,2043
9116,1015
5891,1905
3298,2044
1876,2044
7556,2015
33,2045
540,2045
7840,2045
33,2046
6650,2046
7840,2046
33,2047
4446,2047
7840,2047
7886,2048
6494,2048
8325,2049
8505,205
52,2051
4793,2051
52,2052
4793,2052
52,2053
4793,2053
52,2054
4793,2054
52,2055
4793,2055
5972,2038
6299,2038
84,2056
7668,2057
7668,2058
7668,2059
52,206
4793,206
28,273
103,2061
28,2061
47,208
33,2063
5331,2063
33,2064
5331,2064
33,2065
5331,2065
33,2066
5331,2066
33,2067
5331,2067
33,2068
5331,2068
33,2069
5331,2069
33,207
5331,207
33,2071
5331,2071
33,2072
5331,2072
33,2073
5948,2073
5331,2073
33,2074
5948,2074
5331,2074
33,2075
5331,2075
33,2076
5331,2076
33,2077
2823,2077
5331,2077
33,2078
5331,2078
2823,2078
4229,2079
4145,208
4146,208
6584,1803
6584,1213
6584,1212
6584,1211
25,2083
44,2085
7668,2087
33,2088
5762,2064
5948,2064
5948,2063
5762,2063
6745,2065
6745,2066
6999,2067
6999,2068
6087,2069
2823,2069
6087,207
2823,207
82,209
1557,59
8505,2091
3908,2091
8505,2092
100,2092
93,2092
6531,2094
375,177
8192,177
2610,2095
2882,2095
3001,2095
3590,2096
2082,2096
3379,2096
109,2098
34,2099
5410,878
8462,2099
8450,21
5663,21
3908,21
985,2098
317,2101
1707,2101
5127,2101
3940,2102
1672,859
3064,859
100,2105
93,2105
5855,2104
3521,2104
58,2106
87,2107
1876,211
2564,211
1876,2109
58,2109
9768,2094
7892,928
9776,1909
9776,1879
4024,647
8012,1526
8012,1525
8012,2042
4108,1722
104,2113
9769,219
9769,216
1557,2115
108,2116
9444,2116
3461,2117
9769,2117
6584,2117
5736,668
23,2118
7696,2119
7907,2119
7907,212
7696,212
7907,2121
7907,2122
1723,1558
9776,1908
16,2123
6428,2126
8505,2127
93,2127
100,2127
9776,2127
8505,2128
93,2128
9776,2128
9769,83
6606,2129
8514,2129
6606,213
7668,213
6606,2131
6487,2131
23,2133
87,2134
87,2135
2474,2135
3418,2135
3515,2135
88,192
88,1922
9799,2138
16,2139
21,2139
16,214
4145,2143
914,2143
4146,2143
16,2145
21,2145
988,2145
1876,2146
6367,2149
6531,2116
109,215
985,215
9829,214
8325,2155
5972,2156
9827,2128
1557,2157
8505,2158
8505,2159
8505,2153
93,2159
9776,2159
100,2159
93,2158
100,2158
9776,2158
93,2153
100,2153
9776,2153
5410,2161
8505,2162
93,2162
9776,2162
100,2162
9833,2163
8449,2166
4145,2171
4146,2171
914,2171
4145,2172
4146,2172
914,2172
4145,2173
4146,2173
5331,2173
4145,2174
4146,2174
5331,2174
4145,2179
4146,2179
7892,2179
4145,218
4146,218
7892,218
4145,2181
4146,2181
7892,2181
4145,2182
4146,2182
7892,2182
4145,2183
4146,2183
7892,2183
4145,2184
4146,2184
7892,2184
4145,2185
4146,2185
7892,2185
4145,2186
4146,2186
4145,2187
4146,2187
4145,2189
4146,2189
7964,2189
67,2189
4145,219
4146,219
4145,2191
4146,2191
914,2191
4145,2192
4146,2192
5331,2192
4145,2193
3997,2193
4146,2193
4145,2194
4146,2194
4145,2195
4793,2195
4146,2195
4145,2197
7892,2197
4146,2197
6373,2199
3164,2061
33,22
33,2201
8505,2202
9827,2202
9776,2202
4024,2005
33,2204
4169,2204
33,2205
4169,2205
33,2206
5891,2206
4169,2206
33,2207
5891,2207
4169,2207
33,2208
5891,2208
4169,2208
4793,2182
47,226
32,1026
33,2213
7840,2213
33,2214
7840,2214
33,2215
7840,2215
33,2216
7840,2216
33,2217
7840,2217
33,2218
7840,2218
56,1712
33,222
4145,222
5331,222
33,2221
4145,2221
5331,2221
33,2222
4145,2222
5331,2222
33,2223
33,2224
4734,2225
33,2227
4145,2227
914,2227
33,2228
4145,2228
914,2228
5972,2231
4734,2232
8792,635
8792,1017
1034,467
16,2234
2773,176
2773,1748
1034,2234
1557,2235
4734,2236
4734,2237
1557,2238
38,2239
3908,2239
38,224
3908,224
38,2241
3908,2241
38,2242
3908,2242
8072,1862
9903,868
9769,2247
9769,2248
9769,2249
38,225
3908,225
38,2251
3908,2251
38,2252
3908,2252
8627,2253
8627,2254
8627,2255
8627,2256
2810,2258
4145,2259
4146,2259
9883,2048
9883,558
9883,58
9883,562
9883,2012
9827,2092
9776,2092
6299,2231
7556,2231
3844,2266
1632,2263
4208,2272
6968,2264
7888,2268
8376,2268
1570,2267
8249,226
3857,2262
3582,229
6367,2273
7540,2278
16,2279
3582,2279
9827,1718
8505,228
9827,228
9776,228
51,2281
108,2282
108,2283
52,2284
4793,2284
3006,2285
7538,1143
4169,1143
4169,1141
7538,1141
6606,2298
9778,2299
5853,23
6697,2302
5972,2303
5972,2304
6299,2304
9986,2305
4020,2307
9885,2308
9827,2309
9813,2311
4237,2314
5768,184
34,2315
1415,2317
87,2317
6367,2318
10073,2301
10074,2312
8535,2319
10076,2205
10076,2204
105,232
9827,2321
4020,2323
9885,2325
6373,2326
9781,2327
103,2328
55,2333
4229,2332
34,2335
55,2336
1816,2336
1355,2336
3369,2337
100,2339
1632,1374
55,1374
1816,1374
55,234
1816,234
1355,234
55,2342
1816,2342
55,2341
1816,2341
55,2343
1816,2343
1355,1956
1816,1956
55,1956
1355,2338
55,2338
1816,2338
55,2344
1816,2344
14,2344
4208,2345
55,2345
1816,2345
55,2346
1816,2346
34,856
105,2347
4803,208
4128,2348
1355,2349
47,227
10101,184
10101,2032
33,235
5891,235
9885,235
9827,2351
1816,1529
55,1529
55,2352
1816,2352
1723,2354
1816,2354
55,2354
4169,2355
4169,2356
6299,2358
6526,2358
6945,2359
6299,988
34,236
5768,878
1723,1529
28,248
3997,2223
4145,2223
34,2363
34,2364
6494,2368
9883,2368
7886,2368
2346,2368
4169,2374
3148,2374
8012,2374
9903,384
9769,382
1557,2375
9769,2376
3461,2376
6584,2376
9769,2377
9769,2378
3461,2378
33,2379
5331,2379
6367,238
10228,2355
10228,2356
100,2381
4133,2382
9769,2385
4108,2385
3344,2387
10036,2387
2143,42
4985,2388
3075,2388
4377,2388
8029,2379
8337,2379
8836,2379
9141,2379
10088,2379
907,2395
2143,1556
2143,1833
7907,2397
7696,2397
1876,2398
1876,2399
1876,24
1876,2401
2564,2398
2564,2399
58,24
58,2401
9052,2379
10229,786
1355,2343
6487,1345
6487,1334
68,2402
6428,2403
4133,2403
16,2404
1034,2404
1034,229
1034,2279
9077,2379
9203,2379
8129,2379
9365,2379
8095,2379
5331,668
7668,2405
2143,2105
10271,2363
100,2407
2143,2407
10074,2409
10074,241
10074,2411
5413,2412
5413,2413
1998,2414
3202,2414
9444,2414
9833,2415
51,2416
7540,2416
7083,1294
7083,41
8067,2379
10253,2379
8837,2379
16,242
34,2329
16,233
5240,2423
74,2425
6532,2426
8505,243
3908,243
21,242
23,2431
9820,2157
4557,41
8740,2379
9979,2379
10050,2379
9083,2379
4237,2432
10331,2422
10332,2331
23,2427
8635,2379
74,2433
1816,2435
1723,2435
55,2435
7907,2436
10334,2271
10101,2439
5410,2439
4650,2439
3908,2441
105,2441
9768,2441
8794,2379
8078,2379
9944,2379
10092,2379
8838,2379
8568,2379
8688,2379
9867,2379
8872,2379
9949,2379
8064,2379
4742,2442
4162,2442
5458,2442
25,1783
10145,2379
9376,2379
8868,2379
7953,2379
4666,2439
3422,2439
7477,2379
9180,2379
9953,2379
9960,2379
7791,2379
9063,2379
9950,2379
34,2444
1816,2445
10025,2379
8673,2379
9942,2379
9935,2379
9017,2379
9927,2379
6931,2379
9896,2379
10036,422
1557,2446
8936,2379
8406,2379
9509,2379
8165,2379
8541,2379
9947,2379
9032,2379
9193,2379
6531,2448
38,2449
3908,2449
10394,2448
4145,2452
914,2452
4146,2452
9518,2379
9441,2379
7147,2379
3006,2453
3006,2454
3006,2456
3006,2457
8610,2379
3006,2455
55,2148
1816,2148
1723,2148
10076,1955
10076,1942
8144,2379
9279,2379
9860,2379
34,169
34,1691
34,2002
4145,2462
4146,2462
7892,2462
1034,458
4131,2465
4145,2466
914,2466
4146,2466
4145,2467
7964,2467
67,2467
4146,2467
23,2468
4145,2469
4146,2469
4145,247
4146,247
5331,247
4145,2471
108,2472
914,2469
4145,2477
4146,2477
4145,2479
7892,2479
4146,2479
4145,248
7892,248
4146,248
4145,2481
7892,2481
4146,2481
4145,2482
7892,2482
4146,2482
4145,2483
4146,2483
4145,2485
4146,2485
4145,2486
3997,2486
4146,2486
4145,2487
3997,2487
4146,2487
4145,2488
7892,2488
4146,2488
4145,2489
4146,2489
5796,249
4145,2491
4146,2491
4145,2492
4146,2492
4145,2493
914,2493
4146,2493
5331,2471
23,2494
4146,2471
3503,599
65,2388
8505,2495
93,2495
8505,2496
93,2496
4024,1305
93,2497
8505,2497
93,2498
8505,2498
87,2388
7959,25
8505,2499
93,2499
33,2502
10076,2502
33,2503
10076,2503
33,2504
33,2505
10076,2505
9866,928
9866,2259
16,772
33,2507
5891,2507
10298,2507
33,2508
5891,2508
10298,2508
33,2509
5891,2509
33,251
5891,251
8325,5
1816,1309
55,1021
1816,1021
914,2194
1557,2513
1557,2514
10427,2514
56,2515
10427,1313
16,2516
4024,2516
9827,2517
8505,2517
100,2517
9827,2518
100,2518
8505,2518
100,2519
8505,2519
9827,2519
33,2521
4145,2521
3997,2521
33,2522
9827,2524
8505,2524
100,2524
8325,2531
4145,2533
4146,2533
32,2529
34,2529
33,2537
5891,2537
6631,2538
6631,2539
33,2542
5331,2542
33,2543
5331,2543
9769,143
94,2545
94,2547
4128,2546
1632,2548
10394,255
9726,2551
6968,2552
63,2556
7790,2557
8249,256
3569,2562
4132,2563
2346,2564
1355,2565
4131,2567
8462,2568
7892,668
10076,1756
10076,1905
3006,257
23,2573
23,2574
23,2575
1557,1951
1557,953
3344,2463
1816,119
4131,2576
10566,1489
10564,1489
4734,2578
4734,2579
4734,258
4734,2581
63,2582
34,681
38,2585
38,2586
38,2587
9866,2477
38,2588
38,2589
3908,2585
3908,2586
3908,2587
3908,2588
3908,2589
104,2591
4169,2592
10228,2592
8326,234
8326,2338
8326,1958
8326,1957
8326,1817
9769,1488
9883,2593
52,2595
9830,2597
9830,2598
10825,2533
10825,2485
10825,2483
4169,2601
7538,2601
5509,2601
4169,2602
7538,2602
5509,2602
4169,2603
7538,2603
5509,2603
4169,2604
74,2604
7538,2604
5509,2604
1415,2605
6459,2606
6459,1371
10298,2607
33,2607
5891,2607
105,2608
10391,878
9776,2498
9776,2497
9776,2499
9776,2496
9776,2495
33,261
10076,261
6697,2611
77,2418
8604,2468
8326,1422
8326,94
6487,2084
4145,2612
4146,2612
10825,2612
3006,1531
10647,1425
2221,2613
8326,2352
10074,2614
33,2615
33,2618
74,2621
9830,2622
9830,2623
4068,2624
4068,2625
6299,2303
5972,2626
6299,2626
6299,2627
2346,1171
9062,177
2346,2628
38,2629
2328,2629
4322,2629
8326,2341
6526,2627
6428,263
4133,263
4145,2631
3569,2631
4146,2631
1355,2632
8326,2632
6526,2633
8627,2633
1397,2635
55,1958
1816,1958
9830,2636
9830,2637
6531,444
52,2462
5683,2644
8326,2565
6299,2657
6526,2657
6526,2658
6299,2658
10263,1493
10263,1494
4793,2462
9768,2659
6531,2659
25,266
97,2662
97,2663
104,2664
4999,2664
74,2665
3148,2665
33,2666
5891,2666
4739,2666
5380,2666
5135,2666
4947,2666
5162,2666
33,2667
5891,2667
5218,2667
4578,2667
5143,2667
5027,2667
4722,2667
49,2668
1723,2669
5796,267
9781,2671
3148,2674
8012,2674
3148,2675
8012,2675
4169,2675
8505,2381
8505,2407
10074,2676
9830,2676
23,2677
6532,2677
10324,2677
4237,2678
87,2679
6135,2679
77,444
8505,2105
6532,2693
6532,2694
10324,2694
10324,2695
6532,2695
74,2696
33,2697
9872,2697
10071,2697
88,2697
6564,2697
8505,1833
8505,1556
8505,42
5290,236
9776,707
34,2701
8505,117
8505,891
6299,2702
5972,2702
11727,2703
3908,2705
8505,2705
3369,1433
7538,2706
23,2707
11749,2709
16,271
21,271
7843,2711
3934,2698
6048,2679
11750,2714
10263,2122
34,2716
3857,2716
4734,2149
100,2717
10393,2
16,2719
907,905
4146,272
5736,272
8505,2721
4351,2721
2664,2721
100,2721
4351,42
2664,42
4351,891
2664,891
4351,117
2664,117
4351,1556
2664,1556
4351,1833
2664,1833
4351,2105
2664,2105
4351,2407
2664,2407
2346,2722
9883,2722
4133,2724
16,2725
8505,1719
8505,1718
8505,1717
8505,1716
8505,1428
8505,1427
8505,778
8505,776
25,2726
6531,2727
11780,2058
25,2729
1557,632
7946,2724
11777,2724
10331,2724
8177,2724
7843,2724
66,2724
11779,2724
55,2724
9986,2724
6606,2724
8449,2724
7,2724
3670,2724
3828,2724
7538,2724
3368,2724
11773,2724
5290,2724
11775,2724
11776,2724
4208,2724
9781,2724
10036,2724
8437,2724
5777,2724
52,273
1031,1225
3934,2731
5756,2731
33,2732
10076,2732
8460,2733
6333,2733
6299,2734
5972,2734
10076,2088
34,2088
4145,2735
7892,2735
4793,2735
52,2735
4146,2735
4145,2736
10825,2736
4146,2736
4145,2737
4146,2737
7964,2737
67,2737
1034,639
10391,2439
8505,774
10391,2442
11829,861
11829,2032
11829,878
3006,124
3006,249
3006,483
11828,133
11828,13
105,943
25,2742
4734,2743
8514,2743
5560,2743
19,2743
10647,2743
10393,2743
6531,2744
33,2745
88,2745
33,2746
88,2746
23,2747
23,2748
23,2749
4146,275
3006,2472
108,2751
3006,2751
6606,2752
8514,2752
6606,2753
7668,2753
6606,2754
6487,2754
4145,2755
4146,2755
914,2755
4145,2756
4146,2756
914,2756
4145,2757
4146,2757
7892,2757
4145,2758
4146,2758
7892,2758
4145,2759
4146,2759
7892,2759
4145,276
4146,276
7892,276
5768,2679
33,2762
9866,2762
1570,2767
3569,2768
7888,2769
1632,277
3844,2771
3857,2772
8249,2773
91,2089
11755,2089
6968,2776
16,2777
1557,2778
4145,2779
4146,2779
5736,2779
4145,278
4146,278
9866,278
4145,2781
4146,2781
9866,2781
4145,2782
4146,2782
9866,2782
4145,2783
4146,2783
9866,2783
4145,2784
4146,2784
5331,2784
4145,2785
4146,2785
4145,2786
4146,2786
914,2786
4145,2787
4146,2787
914,2787
4145,2788
4146,2788
7892,2788
4145,2789
4146,2789
9866,2789
4145,279
4146,279
9866,279
4145,2791
4146,2791
5331,2791
4145,2792
4146,2792
10825,2792
1557,2793
1557,2794
1557,2795
1557,2796
1557,2797
4145,2798
4146,2798
4145,2799
4146,2799
9820,1622
4394,1635
4145,28
4146,28
4793,28
4145,2801
4146,2801
10825,2801
1557,2802
1557,2803
11830,1312
2362,1636
3706,1636
4288,273
34,698
4237,2805
3298,2806
11262,2806
1363,57
23,2808
4734,2809
4734,2811
4734,2812
4734,2813
4734,2814
4734,2815
4734,2816
33,2817
5331,2817
33,2818
5331,2818
33,2826
33,2827
33,2828
33,2829
33,283
33,2831
23,2832
23,2833
33,2836
5891,2836
33,2837
5891,2837
10298,2837
33,2838
5891,2838
33,2839
10076,2839
33,284
10076,284
33,2841
10298,2841
94,2842
9769,2842
94,2843
9769,2843
9769,2845
94,2845
31,2846
109,2846
985,2846
11215,2847
84,2848
16,2849
16,285
16,2851
16,2852
16,2853
16,2854
16,2855
16,2856
16,2857
16,2858
6299,2859
105,286
6500,286
105,2863
10391,2134
33,2864
33,2865
33,2866
2873,2864
2873,2618
1876,2869
58,2869
1876,287
2564,287
2255,472
8627,2871
8505,795
8627,2872
8627,2873
985,2874
109,2874
103,2876
11,2877
103,2878
11755,1427
11755,778
11755,774
11755,776
11755,1428
11755,1716
11755,1717
11755,1718
11912,2866
11912,2865
11912,2864
11912,2618
11912,2831
11912,283
11912,2829
11912,2828
11912,2827
11912,2826
11829,2134
11829,2317
9827,2881
8505,2881
11842,2881
9827,2882
11842,2882
9776,2882
8505,2882
9827,2883
8505,2883
11842,2883
9776,2883
9827,2884
8505,2884
11842,2884
9776,2884
11934,2885
105,2886
88,2888
11934,2889
92,9
55,289
8504,2891
2765,2891
12045,289
11883,2892
11883,2893
8249,2894
8249,2895
33,2896
11912,2896
6494,2898
9883,2898
2221,2902
7668,1778
55,2903
1816,2903
8326,2904
55,2904
1816,2904
25,2905
12084,2904
97,2907
1816,2907
55,2907
8326,2907
11758,2907
11758,2663
1816,2663
55,2663
8326,2663
8326,2662
1816,2662
55,2662
97,2909
1816,2909
55,2909
11758,2909
8326,2909
8326,291
11758,291
97,291
1816,291
55,291
9830,2912
6373,2914
6373,2915
52,28
8072,2917
100,2448
2328,2919
10228,292
4169,292
6299,2928
5972,2928
2328,2863
38,2863
2564,266
5410,861
89,293
25,293
1557,465
8514,2932
51,2932
7000,2932
4145,2933
9866,2933
4133,2935
10254,2934
3908,2937
8505,2937
4133,2931
11758,234
11758,2338
11758,1957
4145,2938
9866,2938
4146,2938
11758,1817
11758,1703
11758,1362
11758,2445
11758,2352
11758,2345
11758,2148
11758,131
12240,2418
12024,2418
12024,1375
12240,1375
12240,2939
7668,2941
41,2942
12024,2943
12024,2944
6567,2944
12024,2945
12272,2737
7101,2847
12280,2847
10076,235
3934,2946
5756,2946
5756,2947
3934,2947
3934,2948
5756,2948
7843,1848
12247,262
10324,295
10324,2951
10324,2952
10254,2935
5719,1531
8376,2139
70,2931
31,2953
9903,852
11883,2954
12247,941
7437,1813
10825,668
34,465
2278,2956
23,2957
12267,2698
12267,2082
12267,2081
12267,186
12267,1859
12267,1819
12267,164
12267,1534
12267,1146
12286,2914
12324,2914
4133,2958
70,2958
4169,2958
9833,2958
61,2958
907,2958
65,2958
7843,2958
67,2958
66,2958
9885,2958
8792,2958
4803,2958
5755,2958
10340,2958
11758,2958
7892,2958
1548,2958
12128,2958
8325,2958
1355,2958
12302,2958
74,2958
50,2958
53,2958
102,2958
12024,2958
12246,2958
1570,2958
2221,2958
5331,2958
5736,2958
1220,2958
15,2958
6531,2958
88,2958
33,2959
11912,2959
4732,2959
4237,2958
1816,1248
55,1248
8325,296
4131,2961
6183,2959
23,2963
12327,2958
5853,2964
104,2965
104,2966
104,2967
104,2968
104,2969
104,297
104,2971
104,2972
104,2973
104,2974
104,2975
104,2976
104,2977
104,2978
10334,2775
104,2979
104,298
104,2981
104,2982
104,2983
104,2984
104,2985
104,2986
104,2987
9866,668
4133,2988
6606,2988
3670,2988
8437,2988
11773,2988
10036,2988
7538,2988
7,2988
11775,2988
5777,2988
4208,2988
66,2988
5290,2988
9781,2988
8449,2988
55,2988
11777,2988
3828,2988
11776,2988
9986,2988
8177,2988
11779,2988
7946,2988
10331,2988
7843,2988
3368,2988
10337,2988
11784,2724
11784,2988
11774,2724
11774,2988
11800,2724
11800,2988
3521,2724
3521,2988
11771,2724
11771,2988
10337,2724
10337,2988
8627,2989
10393,2989
10647,2989
12391,2988
12391,2724
12391,2988
12391,2387
12391,2463
12391,422
8627,2991
10393,2991
6333,2728
8325,2994
9866,272
4145,272
105,2995
105,2996
105,2997
4128,2998
4796,2998
6333,2998
109,2999
105,2999
11934,3
10393,3
12240,3001
12240,3002
33,3004
10076,3004
4734,3006
12024,3007
4734,3008
12024,3009
4734,301
4734,3011
4145,3012
7892,3012
4146,3012
4734,3013
8505,3014
93,3014
9776,3014
8505,3015
93,3015
9776,3015
12024,3016
8505,3018
93,3018
9776,3018
23,3019
4793,3012
52,3012
6531,302
77,302
8505,3021
93,3021
8505,3022
93,3022
8505,3023
9827,3023
11842,3023
8505,3024
9827,3024
11842,3024
8505,3025
9827,3025
11842,3025
12405,2937
8505,3026
11842,3026
9827,3026
12405,177
12405,231
12405,2629
12405,783
12405,785
12405,784
12405,786
12405,2863
12405,2449
12405,2585
12405,2586
12405,2587
12405,2588
12405,2589
12405,225
12405,2252
26,3028
26,3029
26,303
26,3031
26,3032
26,3033
26,3034
23,3035
4145,3037
4146,3037
9866,3037
11842,3015
11842,3014
11842,795
11842,3018
4145,3038
4146,3038
10825,3038
4145,3039
4146,3039
10825,3039
4145,304
4146,304
7892,304
4145,3042
4146,3042
5331,3042
4145,3043
4146,3043
10825,3043
4145,3044
4146,3044
10825,3044
4146,3045
10825,3045
4145,3046
4146,3046
10825,3046
4145,3047
4146,3047
7892,3047
4145,3048
4146,3048
7892,3048
4145,3049
4146,3049
3997,3049
4145,305
4146,305
3997,305
4145,3051
4146,3051
4145,3052
4146,3052
4145,3053
4146,3053
8325,3056
1632,3057
6968,3061
3857,3063
9726,3064
4208,3065
63,3068
7790,3069
3569,307
2346,3073
12422,3067
12421,3066
1570,1297
1355,3074
4131,3076
8462,3078
4132,3079
12425,3081
12426,3072
10427,441
67,2808
1394,1629
4145,3083
4146,3083
7964,3083
67,3083
67,2468
1031,1357
2362,2513
4394,2115
7959,2463
3521,2463
4131,489
5683,3085
12435,2337
9820,465
9209,3086
6333,2583
33,3088
33,3089
5891,3089
10298,3089
33,309
5891,309
33,3091
10298,3091
33,3092
3148,3092
6299,3093
5972,3093
12328,3093
8627,3094
33,3095
33,3096
4145,3096
3997,3096
3006,2418
4108,3098
31,2418
33,31
11912,31
33,3101
11912,3101
33,3102
11912,3102
33,3103
11912,3103
33,3104
11912,3104
33,3105
11912,3105
33,3106
11912,3106
33,3107
10076,3107
33,3108
10076,3108
33,3109
10076,3109
33,311
3148,311
33,3111
5331,3111
33,3112
5331,3112
74,2727
9830,3114
10379,3115
9830,3116
10379,3117
10074,294
6183,3101
9192,3101
11894,31
10876,31
33,3118
11912,3118
55,3099
1816,3099
11853,3099
6333,3099
7959,3114
12286,3114
10340,312
10340,3121
10340,3122
4131,2443
41,3124
104,3082
12857,2588
2125,268
8505,3126
91,3126
3521,3126
3569,1978
8505,3127
93,3127
11842,313
9827,313
8505,313
12904,1163
12904,1162
12904,2634
12904,26
12904,2599
12904,1941
12904,194
12904,1938
12904,2675
12904,1946
10271,1491
10271,1492
12904,851
5509,3131
12904,3131
11758,3134
97,3134
1816,3134
55,3134
6945,3136
11262,255
11934,3137
11934,3138
97,3139
11934,314
12974,265
12904,1939
1397,3141
6299,3143
5972,3143
12328,3143
6149,288
58,1142
7885,3144
6299,3145
5972,3145
12328,3145
9781,3146
8177,3146
97,3148
11755,779
2255,2857
7668,3149
12328,735
8012,311
8012,3092
10271,1738
10074,315
3164,248
2125,267
10489,668
4322,3151
12405,3151
10489,928
8627,3152
12240,3153
83,1115
10489,272
4145,3155
7892,3155
4146,3155
4145,3156
13373,3156
4146,3156
33,3157
5331,3157
12012,3157
33,3158
12012,3158
5331,3158
33,3159
5331,3159
33,316
33,3161
9872,3161
5331,3161
33,3162
9872,3162
5331,3162
5331,316
12916,939
12916,2606
12916,1371
12916,1369
12916,1743
12916,74
12916,2879
12916,2877
44,3163
4145,3164
4146,3164
13372,3164
10102,274
8449,3167
12024,257
105,257
9829,128
13441,2917
13441,2625
13441,2624
13441,2366
13441,2365
13441,2124
13441,1862
13441,326
13441,299
13441,2696
25,3168
8249,3169
8249,317
13503,3171
13503,3172
13503,3174
13503,3175
5410,3176
12313,3177
12313,3178
12313,3179
1483,3012
25,318
25,3181
3569,3183
33,3184
11912,3184
11894,3184
33,3185
11912,3185
10876,3185
77,905
1433,2986
6459,2986
12840,2983
12839,2978
2346,3186
13609,3187
13609,3188
13609,3189
8249,319
2346,3191
13441,3131
13441,3097
13441,2918
13441,1411
33,3192
7310,3192
11912,3192
33,3193
11912,3193
9992,3193
13603,206
3915,3194
34,149
10271,695
77,3007
2221,3004
10041,2379
10647,204
13487,2675
12904,3124
4024,2849
21,2849
2255,2849
3582,2849
1034,2849
5410,2166
23,3196
41,3107
5756,3197
3934,3197
6183,753
13758,3198
3934,3198
5756,3198
12267,3198
91,3199
8505,3199
11755,3199
8505,32
3908,32
12405,32
13759,271
13759,3014
13759,3015
13759,3018
13759,3021
13759,3022
13755,576
13755,1865
13755,317
13755,3169
13755,2895
13755,2894
13755,3195
11934,2754
11934,2199
13487,54
13487,48
11934,1737
3344,3201
12391,3201
4010,3201
1723,3202
1816,3202
55,3202
12904,2942
13759,3127
7089,2381
10051,2125
463,2853
10427,2853
1557,2853
87,3204
11842,1433
9870,3205
11934,3206
11934,3207
7417,1632
3569,3208
7,3209
12313,321
13790,321
13791,604
8449,3204
3762,3194
1876,3194
3915,3211
1876,3211
87,3212
8449,3212
67,1225
3521,2125
5855,2125
6333,3213
55,3213
1816,3213
11853,3213
5410,3214
4145,275
1557,3217
6531,2867
3600,3139
3600,2344
3600,1374
3600,94
3600,1414
3600,1956
3600,1958
7959,3201
3600,2582
3600,2632
3600,119
12240,3219
12240,322
12240,3221
31,3222
13788,3223
13759,3223
10379,3224
3495,3225
10379,3226
13815,3225
23,3227
2894,2748
2894,3196
67,1604
52,3228
105,3229
34,2359
12916,2359
34,203
12916,203
34,2028
12916,2028
34,2027
12916,2027
34,2026
12916,2026
34,243
12916,243
34,244
12916,244
34,1959
12916,1959
34,939
34,1674
12916,1674
34,1323
12916,1323
34,132
12916,132
4145,323
7892,323
4146,323
34,254
12916,254
34,2539
12916,2539
34,2538
12916,2538
34,3136
12916,3136
34,1369
34,1237
12916,1237
34,1371
34,2606
34,74
34,1743
12916,3183
34,3183
12916,2099
34,2879
12916,1691
12916,169
3006,3233
6333,3234
91,3235
11755,3235
91,3236
11755,3236
33,3237
88,3237
33,3238
88,3238
55,3239
1816,3239
55,324
1816,324
13828,324
34,3241
10271,1776
4145,3243
55,1982
3600,1982
1816,1982
1557,3244
4145,3245
4793,3245
13850,3245
4146,3245
13849,3243
13848,3243
4146,3243
1557,3246
1557,3248
93,3249
8505,3249
13759,3249
93,325
13759,325
8505,325
93,3251
13759,3251
8505,3251
12024,3252
7083,1632
86,1632
33,3253
9885,3253
8604,1604
3495,3254
3495,3255
13815,3255
13815,3254
12422,3256
8249,3257
12425,3258
10334,3259
3857,326
3844,3261
7888,3262
1570,3264
3569,3265
8249,3266
105,3267
6531,3267
91,3268
11755,3268
8505,3268
985,2999
11009,2874
1557,3269
4145,327
10825,327
4146,327
4145,3271
10825,3271
4146,3271
4145,3273
10825,3273
4146,3273
4145,3274
10825,3274
4146,3274
4145,3275
10825,3275
4146,3275
13899,2284
1355,3276
55,3276
3600,3276
1816,3276
63,3277
55,3277
3600,3277
1816,3277
1816,3278
55,3278
34,682
34,689
11769,668
84,3279
10271,437
67,328
86,328
53,3281
9827,3282
11842,3282
8505,3282
2171,2963
2171,6
1220,3283
9827,3284
11842,3284
8505,3284
9827,3285
8505,3285
11842,3285
1312,162
9827,3286
11842,3286
8505,3286
52,3245
3461,3287
9903,3287
11829,184
3148,2972
3148,2971
13805,2978
13805,2972
13805,2971
13805,2977
13805,2976
13805,2975
13805,2974
13805,2973
13805,297
8627,3288
4734,3289
4734,329
13940,1666
4734,3291
104,3292
13805,3292
4734,3293
34,3294
12916,3294
8627,3295
10393,3295
84,3296
26,3297
16,2997
16,232
105,3298
16,3298
13820,3299
13820,33
16,773
13503,3301
13503,3302
13503,3303
13503,3304
7089,1556
7089,1833
7089,2105
33,3305
5891,3305
10298,3305
33,3306
5891,3306
10298,3306
33,3307
5891,3307
33,3308
5891,3308
33,3309
6299,331
5972,331
12328,331
33,3311
33,3312
10298,3312
6299,3313
5972,3313
12328,3313
33,3314
33,3315
1552,1096
6299,3316
5972,3316
12328,3316
12313,3317
12313,3318
12313,3319
12313,332
12313,3321
12313,3322
6606,3324
6606,3325
6606,3326
11934,3326
8505,2587
2555,2587
13759,795
6606,3327
10408,3324
12857,3328
12405,3328
3908,3328
61,3329
11755,3329
61,333
11755,333
6494,3331
13767,2381
13767,3223
12916,2002
34,3332
34,3333
3569,3333
3569,3332
12916,2001
12916,3144
6487,3334
9775,3334
13657,2584
5891,3309
8627,3335
8627,3336
10229,225
26,3337
10633,2847
33,3339
11912,3339
13252,3339
33,334
11912,334
33,3341
11912,3341
33,3342
11912,3342
33,3343
33,3344
11912,3344
11912,3343
33,3345
11912,3345
33,3346
11912,3346
33,3347
33,3348
11912,3348
33,3349
13252,3349
11912,3349
12974,268
12974,267
7840,3088
33,335
7840,335
33,3351
33,3352
7840,3352
7840,3351
33,3353
33,3354
9866,3354
33,3355
4145,3355
3997,3355
33,3356
4145,3356
914,3356
7840,3353
3369,3357
5683,3357
13372,3085
12286,3
1355,3358
3600,3358
1816,3358
55,3358
84,3359
7000,2281
9830,336
13441,1772
33,3361
11912,3361
33,3362
9830,3363
12286,3363
7959,3363
105,3364
105,3365
105,3366
4145,3367
13373,3367
4146,3367
4145,3368
914,3368
4146,3368
4145,3369
914,3369
4146,3369
4145,337
4146,337
33,3371
12012,3371
914,3371
33,3372
12012,3372
914,3372
33,3373
914,3373
33,3374
914,3374
4145,3375
7892,3375
4146,3375
33,3376
10976,3376
914,3376
4145,3377
7892,3377
4146,3377
33,3378
10976,3378
914,3378
4145,3379
7964,3379
4146,3379
67,3379
23,3379
4145,338
914,338
4146,338
33,3381
10853,3381
4145,3382
914,3381
914,3382
4146,3382
33,3383
10853,3383
914,3383
4145,3384
13372,3384
4146,3384
4145,3385
7892,3385
4146,3385
14173,337
88,3349
88,3348
4145,3386
7892,3386
4146,3386
10103,168
33,3387
33,3388
33,3389
33,339
6526,3391
33,3392
11912,3347
6526,3393
6367,3394
12405,1237
10647,293
10229,3396
3908,3396
12405,3396
23,3397
13609,2743
7000,2743
7923,2743
23,3398
13609,3399
13609,34
13609,3401
13609,3402
2773,3404
12904,3404
12727,3405
12727,3406
12727,3407
5890,3408
12727,3409
10549,1248
12727,341
7310,3411
10631,3412
914,272
44,3414
11828,3414
91,3416
11755,3416
12302,2586
12302,3417
6494,1688
1723,1982
6299,3418
5683,3419
8505,3419
13788,342
13788,3421
1876,2444
12904,3422
14346,3422
14341,3421
11829,1453
11829,1455
5410,2032
1363,328
2773,3424
4131,3424
14356,3423
2810,328
6631,328
9871,328
5736,328
13503,328
10103,328
7104,328
4793,328
64,328
3503,328
2894,328
3148,328
10332,328
11016,328
7083,328
6487,3425
9775,3425
7928,1848
14370,265
14370,268
14370,267
12313,3426
33,629
12541,2396
12328,214
3908,3428
12405,3428
8505,3428
91,3429
11755,3429
13759,343
9212,3365
4145,3431
9866,3431
4145,3432
9866,3432
10825,3432
12286,3426
7959,3426
463,285
463,459
13759,3433
7089,3433
84,328
91,3434
7887,2711
10521,328
91,3436
1394,328
11755,3436
7843,3439
67,3439
86,3439
3844,3437
914,2779
13609,344
4734,3441
7668,3443
12974,3444
4734,3445
4734,3446
91,3447
11755,3447
91,3448
11755,3448
33,3449
914,3449
4145,3332
6531,257
34,3451
11016,3451
73,2363
4145,3452
7892,3452
4146,3452
14416,2279
6494,1021
3600,3454
97,3454
1816,3454
55,3454
11829,3456
10101,3456
61,3456
7556,3456
31,3457
4374,3458
31,3458
11829,3459
7556,3459
61,3459
10101,3459
4145,346
3997,346
4146,346
4145,3461
3997,3461
4146,3461
1355,3462
55,3462
1816,3462
105,3463
6531,3463
1557,3465
1557,3466
14409,1814
8325,3467
1220,3469
4208,347
9726,3471
985,3472
3857,3473
12421,3474
7790,3477
104,3478
3569,348
7805,3472
8072,3481
12425,3482
12426,3484
1355,3485
4131,3487
2255,3488
8462,3489
4132,349
14416,986
67,385
13085,397
2221,3491
12904,3491
1037,593
23,3493
23,3495
23,3496
23,3497
23,3498
23,3499
23,35
23,3501
6623,1976
6623,2545
6623,2843
23,3503
23,3505
23,3506
23,3507
23,3508
2773,2747
23,3511
23,3512
23,3513
23,3514
23,3515
23,3516
23,3517
23,3518
12240,3519
2171,611
12240,352
2894,163
23,3521
23,3522
23,3523
23,3524
55,3525
1816,3525
1723,3525
14441,3526
12328,734
12328,736
12405,3526
12405,3527
14441,3527
14102,3466
14102,656
14426,2446
14426,1311
9820,59
2894,2513
1557,3528
1394,3528
14426,3528
14102,1314
11830,1314
1355,3529
55,3529
1816,3529
3600,3529
1355,353
55,353
1816,353
3600,353
1355,3531
55,3531
3600,3531
1816,3531
1355,3532
1816,3532
55,3532
3600,3532
1355,3533
3600,3533
1816,3533
55,3533
3659,2793
463,2858
14550,276
13009,1632
1355,3535
3600,3535
1816,3535
55,3535
16,3536
16,59
21,59
14434,3476
33,3537
2221,3537
6623,325
14716,418
14716,341
14716,2635
4145,3538
10825,3538
4146,3538
4145,3539
10825,3539
4146,3539
4145,354
10825,354
4146,354
5331,3539
4145,3045
33,3541
9445,3541
33,3542
33,3543
4145,3544
10825,3544
4146,3544
5331,3544
33,3545
7840,3545
33,3546
7840,3546
33,3547
7840,3547
33,3548
7840,3548
33,3549
7840,3549
33,355
7840,355
33,3551
7840,3551
4793,3452
2894,1899
2221,3552
12904,3552
15090,3035
15089,68
34,3553
7907,3553
10271,3553
2773,3097
34,3554
33,3555
914,3555
33,3556
914,3556
33,3557
914,3557
5734,2365
34,3558
104,3559
13805,3559
52,356
9328,356
4962,356
9424,356
5615,356
9504,356
4146,3432
33,3562
12974,291
11658,2644
33,3563
5891,3563
33,3564
5891,3564
33,3565
5891,3565
33,3566
9885,3566
14370,3444
33,3567
10298,3567
33,3568
87,82
14370,291
14416,644
33,3569
3997,3569
14416,2857
14416,646
15112,974
14416,479
14416,632
1220,164
1552,357
24,357
14550,357
8249,3571
5410,3572
14416,2855
7892,354
34,3573
3569,3573
34,3574
34,3575
15295,3313
15295,331
4132,2967
2564,126
2564,205
19,3441
15303,878
4108,2136
4108,1295
4145,3577
914,3577
4146,3577
4145,3578
5736,3578
4146,3578
4145,358
33,3579
5891,3579
7964,358
4146,358
67,358
23,358
4145,3581
13373,3581
4146,3581
4145,3582
4146,3582
4145,3583
914,3583
4146,3583
4145,3584
914,3584
4146,3584
4145,3585
3569,3585
4146,3585
4145,3586
13850,3586
4146,3586
4145,3587
13372,3587
4146,3587
4145,3588
5736,3588
4146,3588
4145,3589
5736,3589
4146,3589
4145,359
5736,359
4146,359
4145,3591
5736,3591
4146,3591
4145,3592
7892,3592
4146,3592
4145,3593
13849,3593
13848,3593
4146,3593
4145,3594
9866,3594
4146,3594
4145,3595
7892,3595
4146,3595
4068,326
7843,3596
12024,3597
3503,195
34,3598
7843,3599
7843,3561
55,36
1816,36
12727,3601
12727,3602
14416,2854
12727,3603
15510,72
10229,3604
12405,3604
4322,3605
12405,3605
33,3606
914,3606
8737,3606
33,3607
914,3607
11999,3607
33,3608
914,3608
12313,361
12313,3611
12313,3612
3369,3613
5683,3613
33,3614
88,3614
1876,757
12596,757
3908,3615
8505,3615
12405,3615
33,3616
2221,3616
12904,3616
4108,3617
6112,1453
2810,3442
13609,3618
15409,3582
9827,3619
11842,3619
8505,3619
9827,362
11842,362
8505,362
9827,3621
11842,3621
8505,3621
9827,3622
11842,3622
8505,3622
7843,3623
91,3624
3908,3625
12405,3625
34,3626
6945,3626
6531,3627
74,3627
14677,3628
13609,3629
10379,363
914,3578
16,3488
2773,2918
14677,3631
10393,3631
2773,1411
5734,299
3908,3632
12405,3632
14552,3
15785,3196
105,2727
15303,3633
5240,3419
55,1845
15804,3287
1816,1845
1723,1845
7968,2611
13609,3634
7668,3634
7805,3635
15716,3558
4793,3228
12302,3639
3369,3641
34,3646
14677,3647
13609,3648
8627,3649
4208,681
14677,365
1834,862
14677,3651
12302,3652
3908,3652
12405,3652
5972,3653
14367,3654
13441,3655
13788,3656
9849,3656
13650,3656
13788,3657
12328,3653
15723,284
6252,3655
13441,3658
6252,3658
15723,3211
15723,286
15723,287
33,3659
88,3659
13104,3659
9543,3659
13441,366
5734,366
11841,3662
15834,3627
15834,3086
15723,282
15723,285
1876,285
15397,36
15844,3636
15842,364
15841,3638
12313,3663
15847,3022
15846,3022
14677,3664
14677,3665
93,3666
13759,3666
9827,3667
8505,3667
15785,1899
15785,385
15278,3668
9830,3669
13609,3672
9799,328
12703,2118
13144,2118
5756,986
3934,986
11755,3624
4145,3557
4145,3556
4145,3555
6487,3326
1265,328
12924,2707
12854,2707
10076,3568
15889,3398
15889,169
3521,3599
1397,3673
14716,3673
2328,3604
12904,3674
41,3675
12904,3675
41,3676
12904,3676
2328,3605
6531,2997
74,2997
14454,2997
7892,272
78,2599
15895,2146
9827,3677
9769,3677
93,3677
94,3678
6623,3678
14677,208
9827,3679
11755,3434
33,1016
15900,368
7843,368
3934,2997
7843,3534
11934,3683
11934,3684
14416,2123
15841,3642
91,3686
11755,3686
9799,3687
6531,2396
15908,1769
13441,3481
7843,3688
15885,3198
5734,3689
16,369
15112,369
4024,369
8325,3468
53,3691
21,2123
9986,3471
12302,3692
3908,3692
13609,3693
12240,3693
13759,3693
7808,3693
4229,3694
105,3695
12024,3695
3006,3695
6531,3695
5891,3568
12240,3696
12240,3697
12240,3698
12240,3699
12585,37
7843,37
8514,3327
12240,3701
12024,3702
12024,3703
105,3704
8157,3704
12727,3705
33,2674
47,291
12313,3706
5056,823
12405,795
14416,642
12405,3251
12405,3249
12405,325
12405,3021
12405,3022
12405,3127
12405,3433
34,3708
15716,3708
7843,3709
12308,2778
67,3712
86,3712
15905,3712
14751,3712
10074,3713
93,3714
13759,3714
12405,3714
67,3715
86,3715
15905,3715
14711,3715
6368,3715
2579,3715
14751,3715
8552,3715
33,3716
9885,3716
12585,368
15923,3589
5331,3589
12247,3054
2810,3054
24,3719
15287,372
9986,372
64,2494
7843,2354
12024,819
31,3721
12405,3677
13759,3677
9903,3677
10271,698
1876,3723
3915,3723
5890,3723
40,3723
15723,3723
7840,3246
55,3248
1816,3248
2774,3248
12308,2803
12308,2802
14426,2802
1037,91
2894,3512
12308,2446
12308,2797
12308,1635
12308,1638
12308,1637
12308,1312
1557,3724
12308,3724
14426,3724
1557,3725
12308,3725
12308,131
6367,3726
15943,2852
9827,3728
12308,3217
14426,3217
2774,5
1397,3729
15961,3729
15961,373
9827,373
12727,3731
4145,3732
10825,3732
4146,3732
4145,3733
10825,3733
4146,3733
4145,3734
10825,3734
4146,3734
4145,3735
10825,3735
4146,3735
4145,3736
10825,3736
4146,3736
4145,3737
10825,3737
4146,3737
34,3737
3659,1306
6812,3244
12308,2794
12308,2375
6796,2375
12308,2157
12308,1022
12308,113
12308,4
12308,401
6796,401
12308,398
12308,118
6796,118
1557,3739
9820,3739
12308,3739
1557,374
12308,374
1557,3741
1557,3742
4734,3743
19,3743
1723,3239
14433,3744
8514,1852
1363,35
1363,3508
1363,3517
23,3745
1363,3745
1265,3493
64,55
1031,3496
67,3497
1394,3498
14416,167
2171,3499
1037,3501
2894,3506
15089,3507
23,3746
21,644
2171,3511
5683,3749
15993,3749
5683,375
15993,375
6367,3751
7843,3748
7843,3747
7843,3752
2894,3513
1265,3514
1265,3515
8249,3753
12425,3754
13886,3755
10334,3756
3857,3757
3844,3758
8308,376
1570,3761
3569,3762
2328,3763
12405,3763
4322,3764
12405,3764
10229,3765
2328,3765
12405,3765
9769,3766
13441,3767
8308,3767
2773,3658
13441,3768
10103,172
1037,3523
1394,3524
23,3769
23,377
7104,377
15090,1339
8308,3768
16,3771
2255,3771
1037,2833
2894,609
74,3298
1394,2573
1363,163
2894,984
1037,61
4145,3772
7892,3772
4146,3772
1394,171
52,3772
4793,3772
4275,734
15295,734
4275,736
15295,736
15889,174
7104,428
4322,3773
12405,3773
5734,2366
15295,214
6531,3774
4145,3775
4146,3775
9866,3775
5736,3775
10489,3775
14416,1982
14416,229
16,3776
21,3776
14416,3776
12405,455
4145,3777
7892,3777
4146,3777
4145,3778
914,3778
4146,3778
4145,3779
914,3779
4146,3779
4145,3781
5331,3781
4146,3781
4145,3782
3997,3782
4146,3782
4145,3783
7964,3783
67,3783
23,3783
4146,3783
4145,3784
13373,3784
4146,3784
4145,3785
7892,3785
4146,3785
4145,3786
15923,3786
4146,3786
4145,3787
5331,3787
4146,3787
4145,3788
3997,3788
4146,3788
4145,3789
3997,3789
4146,3789
4145,379
7892,379
4146,379
15785,91
7696,1711
7696,692
10271,692
34,694
12240,3792
9775,2084
3461,3793
9903,3793
9830,3794
8627,3794
10393,3794
8627,3795
10393,3795
12916,3241
33,3796
2221,3796
78,3491
7885,254
14677,3797
16105,3759
11934,17
11087,3798
4734,3798
11087,3799
4734,3799
11087,38
4734,38
19,3799
8249,3801
2171,3522
7,3802
16128,2981
9405,356
16128,297
104,3803
2221,3803
13805,3803
104,3804
104,3805
16128,3804
13805,3804
13805,3805
16128,3805
16128,3292
16128,3559
105,3806
105,3807
87,356
14677,3808
12286,3808
14677,3809
9927,55
9218,55
83,381
83,3811
13609,3812
11829,792
15397,3813
55,3813
1816,3813
13609,3814
15397,3815
55,3815
1816,3815
33,3816
914,3816
33,3817
12012,3817
914,3817
13609,3818
13609,3819
13609,382
16128,1316
6606,3821
25,3821
25,3822
13791,158
1397,3823
16223,3824
12904,3824
55,2961
6531,3825
105,3825
85,3826
7907,3826
34,3826
33,1017
33,635
33,3827
7840,3827
33,3828
7840,3828
33,3829
7840,3829
33,383
7840,383
33,3831
7840,3831
12904,1141
12904,1942
33,3832
12904,1955
10298,3832
12904,1143
33,3833
10298,3833
33,3834
12012,3834
914,3834
12761,3684
13065,3684
12585,3835
7843,3835
33,3836
9885,3836
33,3837
10076,3837
33,3838
10076,3838
1265,3495
6526,384
33,3841
3997,3841
16231,3825
16272,3702
1355,3842
55,3842
9218,3842
9927,3842
1355,3843
55,3843
9218,3843
9927,3843
1355,3844
55,3844
9218,3844
9927,3844
1355,3845
55,3845
9218,3845
9927,3845
1355,3846
55,3846
9218,3846
9927,3846
33,1525
34,3847
3495,3847
85,684
33,3848
33,3849
33,385
33,3851
12024,3852
3908,3852
6332,3852
2773,3855
74,3855
10379,3856
1220,3857
5756,3857
3934,3857
75,3857
33,3858
15889,2749
26,3674
12302,3859
3908,3859
6332,3859
103,274
7668,3325
33,386
3148,386
33,3861
10444,3861
33,3862
10444,3862
33,3863
10444,3863
33,3864
10444,3864
33,3865
10489,3865
33,3866
9445,3866
9866,3866
9866,3865
33,3867
10444,3867
9866,3867
33,3868
914,3868
33,3869
914,3869
33,387
5331,387
33,3871
88,3871
12405,3766
2564,3872
5890,3872
15908,3873
7018,3873
12539,3873
15166,3873
16320,3873
15925,3007
4608,3007
1876,3872
3908,3874
6332,3874
3908,3875
6332,3875
6149,3876
55,3877
9927,3877
9218,3877
16272,3009
1397,3878
14,3878
6531,3879
8308,388
9927,388
1816,388
55,388
1816,3877
16337,3877
15090,96
2739,3881
10393,3334
16332,3334
3521,3882
12904,3883
9872,3816
33,3884
914,3884
14035,3884
914,3864
914,3863
914,3862
914,3861
5855,3882
6299,3885
6526,3885
15542,3882
15908,2079
3521,3835
5855,3835
7959,3835
15542,3835
9771,254
6531,2395
6531,9
5470,3886
13820,3887
5470,3888
914,379
33,3889
3148,3889
5470,3891
14550,1208
13795,3228
14430,2874
6606,3892
16332,3892
1557,2529
4145,3841
4145,3869
4145,3868
4145,387
4145,3354
4145,2762
4208,1161
16360,3892
15993,882
33,3893
7840,3893
6367,3895
3858,3896
16372,3851
16372,385
16372,3849
16372,3848
5853,3897
4803,3898
33,3899
9872,3899
2221,235
33,39
12993,39
33,3901
13104,3901
33,3902
9992,3902
14711,41
7019,41
14751,41
25,3903
8022,3903
12024,3903
6606,3903
13759,3903
14418,3903
7018,3904
11016,1631
12073,857
62,3903
10780,3903
10613,3903
10768,3903
10465,3903
11620,3903
13686,3903
15,3905
15526,3904
10151,3904
16133,41
16133,1294
16392,3906
6606,3907
6531,3909
12548,3909
12618,3909
6531,391
12636,391
7843,3685
13144,3685
12703,3685
1816,72
55,72
1723,72
9927,72
2221,1566
34,1789
16360,293
6531,3855
16375,48
7843,3912
10825,272
11087,3913
16375,685
16375,698
16375,682
16375,683
16375,1161
16375,684
16375,681
16375,2043
16375,1738
16375,686
16375,1711
16375,3598
16375,2363
16375,692
16375,693
16375,1869
16375,856
16375,2335
16375,694
16375,695
16375,637
16375,437
8427,3914
5756,3914
3934,3914
3940,3914
79,1737
12413,3915
12128,3907
12128,3915
5839,2957
70,2898
9813,422
9813,2387
14354,343
97,3147
12308,1238
5240,375
5240,3749
5240,1663
5240,1661
12904,3916
12904,3917
2894,45
64,3227
1394,598
2894,48
64,3019
1031,3503
2171,44
3503,1338
1394,67
1394,2747
2894,63
1037,46
1037,54
1363,1315
10103,2575
1037,1337
1363,1952
1394,164
2171,909
1312,717
7104,1949
15295,1749
15295,1346
15295,3085
6332,3328
15295,3357
15295,1661
15295,1663
1031,2431
67,2431
14416,2849
16409,3917
16409,3916
8308,3918
55,3918
1816,3918
9927,3918
86,3497
10021,227
7843,3919
1397,392
1876,3921
12974,3921
14370,3921
5756,3922
3934,3922
88,3922
13609,3923
16413,2852
16413,458
16413,153
16413,2851
4229,3926
15908,3926
16417,2832
16417,607
3908,3927
6332,3927
3908,3928
6332,3928
3908,3929
6332,3929
15542,2463
3908,393
6332,393
6299,3931
5972,3931
4734,3913
16421,3278
7843,2463
55,3087
1816,3087
11853,3087
6333,3087
1816,27
1723,27
55,27
55,3084
1816,3084
11853,3084
6333,3084
55,2804
1816,2804
11853,2804
6333,2804
6333,3005
55,3005
1816,3005
11853,3005
6149,913
14418,343
11016,343
4145,3932
4793,3932
52,3932
7892,3932
105,3933
105,3934
109,3934
985,3934
12240,257
12904,3936
16422,55
12904,3937
12904,3938
12904,3939
12904,394
6606,3941
16332,3941
6606,3942
16332,3942
8514,3943
16332,3943
16360,3943
51,3943
10393,3943
7083,1631
56,2611
4145,3947
7892,3947
4146,3947
16424,3087
16424,3213
16424,3099
16424,3084
16424,3005
16424,2804
4145,3948
4145,3949
91,395
11755,395
91,3951
11755,3951
91,3952
11755,3952
16414,1865
4145,3955
4145,3956
12585,3685
9827,3957
2451,3957
12240,3958
12240,3959
12240,396
12240,3961
12240,3962
12240,3963
16422,2354
6531,3964
53,1529
23,1626
67,1626
23,3956
67,3956
12904,3965
9827,3966
15961,3966
9827,3967
105,2418
12313,3446
16332,3445
16414,78
7964,3956
4145,3968
16436,3968
4146,3968
4145,3969
16437,3969
4146,3969
914,3955
4146,3955
5331,3948
4146,3948
10825,3949
4146,3949
16438,3595
16413,647
16413,2404
4145,397
9866,397
